timestamp,latest:startupTimeMs,latest:minHeapUsed,latest:maxHeapUsed,latest:totalAllocatedMB,latest:totalGCTime,latest:maxThreadContextSwitchRate,latest:iterationAvg,latest:iterationP95,latest:requestAvg,latest:requestP95,latest:netReadAvg,latest:netWriteAvg,latest:peakThreadCount,latest:averageCpuUser,latest:maxCpuUser,snapshot:startupTimeMs,snapshot:minHeapUsed,snapshot:maxHeapUsed,snapshot:totalAllocatedMB,snapshot:totalGCTime,snapshot:maxThreadContextSwitchRate,snapshot:iterationAvg,snapshot:iterationP95,snapshot:requestAvg,snapshot:requestP95,snapshot:netReadAvg,snapshot:netWriteAvg,snapshot:peakThreadCount,snapshot:averageCpuUser,snapshot:maxCpuUser
1630019866,18538,62390272,354516480,14563.434616088867,2284263942,34103.27,142.93526160039977,224.82585585,10.512621691022233,32.705179050000005,5793923,30476820,47,0.54099965,0.67336684,17393,60817408,320160768,15028.259941101074,2615428582,36092.9,142.84148654440014,221.67568945,10.520424541277675,32.359049100000014,5797572,30538605,47,0.5495672,0.65841585
1630514885,17802,62348800,334437888,15129.101364135742,2414817856,31203.2,157.14339014120003,246.84065485000005,11.509310056255561,37.065845550000006,5237267,27529670,48,0.5315008,0.67336684,18410,61767168,321812992,14436.837417602539,2379398705,33560.363,156.00531359259958,237.53414735,11.427236971944389,36.1086685,5282986,27692968,48,0.5319691,0.6467662
1630560154,18431,61807616,306184192,14669.086326599121,2578183454,35679.6,139.6157975314005,214.66935435000002,10.317894500966645,32.63770615000001,5930009,31259100,47,0.55157447,0.6766169,16454,64461824,316669952,15088.631126403809,2330972134,37329.535,138.99440034499983,215.57759225,10.2700912079,32.103533000000006,5955002,31087243,47,0.55055904,0.67
1630646351,14140,68157440,323947008,14725.423049926758,2033923209,37164.234,114.00351459339957,178.2113908,8.362163938511161,26.24750805000001,7263796,37981789,46,0.5397299,0.65829146,14113,68157440,339180544,15033.734878540039,1752631978,41770.645,114.07115411300009,176.27378525,8.427823241666717,26.379630000000006,7266324,38002894,46,0.54152656,0.67336684
1630732803,15087,69206016,356455424,14771.657417297363,1984944375,37711.73,121.56321559140005,187.32426910000004,8.973672404333334,28.167925250000014,6782315,35564414,46,0.5468507,0.64141417,15021,67633152,344228352,14550.357208251953,1761293363,37489.8,120.33698015040022,185.10341525,8.86521500852214,27.80208320000001,6880642,35847335,46,0.54564047,0.67
1630819162,14345,67108864,319781376,14762.912170410156,2070866931,38458.9,117.62077559239971,185.66951385000004,8.66431748467778,27.546424950000006,7029651,36772357,47,0.5502648,0.65841585,14464,66584576,313443840,15329.277366638184,1990597008,37290.285,119.06805033840004,186.06454435,8.741166156999983,27.651974050000014,6944908,36301481,47,0.549679,0.645
1630906032,19854,60070400,297065984,15145.461250305176,3029958503,31121.988,182.04889155880025,282.9440764000001,13.411963376977631,42.94118590000001,4538897,23936114,49,0.5410267,0.6751269,20992,61706240,326418432,14145.56184387207,2376166606,30274.072,179.92373283320046,274.2928595,13.263651991655616,41.691285050000005,4591042,24204295,48,0.5303829,0.645
1630992155,17476,63276032,325722112,14965.520584106445,2428925207,31829.617,141.13139116499963,218.05077624999998,10.371169334722055,32.510145050000006,5858477,30847778,47,0.5516183,0.6567164,16593,60817408,336498688,14490.989646911621,2045090076,33041.566,136.98722556860065,211.70556730000004,10.067915613644363,31.60091220000001,6027008,31646503,47,0.54746234,0.66169155
1631078435,15496,63842304,308230144,14635.793144226074,2257905520,35506.4,124.32387073059996,194.79293625000003,9.14059732174457,28.705763650000016,6667500,35004243,47,0.548932,0.6532663,15246,66024960,344393728,14490.849075317383,1761303793,38511.75,121.96607827039985,191.0728727,9.029198494077782,28.366609600000018,6779037,35450347,47,0.5434642,0.68
1631164850,15205,66584576,324718080,15635.212844848633,2532619206,36070.1,129.03717522280036,203.9092057,9.588538671711124,30.331527050000012,6424336,33699311,47,0.55386454,0.65829146,16235,62390272,334495744,15031.695724487305,1994897629,38376.99,128.23226719199982,197.06435910000002,9.47395496801106,29.444866950000016,6453663,33731536,46,0.5561337,0.675
1631251334,17319,65011712,370264064,15192.494834899902,2228336629,32457.854,139.79400162860065,215.4493995,10.287967247499967,32.06950900000001,5914986,30997219,48,0.55696875,0.69849247,17394,62390272,329184256,14773.691535949707,2330052182,32744.5,137.76317466220007,212.00259315000002,10.14630466250002,31.70172700000001,6001146,31373372,47,0.5499981,0.6633166
1631337652,15536,63438848,353502720,14939.22583770752,2133678673,35928.13,134.6843784853999,210.05806185000003,9.922728661422283,30.988245100000015,6140232,32297349,47,0.5585408,0.6666667,15485,62390272,328188928,14608.025123596191,1938900479,36151.75,127.83999630219985,206.87096975000006,9.422844292188936,29.887711550000002,6484383,33712160,46,0.55459523,0.6834171
1631423968,14434,65011712,363741696,15086.161376953125,1985000652,43187.4,118.09983712680024,186.76205700000003,8.704153190177738,27.639897600000005,7013793,36804650,47,0.5450869,0.64179105,14384,69730304,352228864,14720.166412353516,1631786709,40797.92,115.37166232519999,179.27263485,8.441827077688925,26.61770400000001,7177667,37466455,46,0.54438406,0.6368159
1631510777,19354,61341696,319442944,14967.506446838379,2549797766,31478.5,175.30056635120005,267.39701245000003,12.840481631655539,40.48158305000001,4708080,24765394,49,0.53741914,0.6683417,18751,61221376,334803456,14362.13931274414,2158545985,29192.98,171.93766762079997,259.85578160000006,12.582041160566487,39.06891505,4798051,25152038,48,0.5319697,0.66
1631596804,15086,69206016,334918656,14981.408889770508,2259448233,36361.78,120.45266073060006,189.63556075000002,8.873749760222287,28.465704650000006,6877592,36330350,47,0.5486105,0.6386139,15110,62876672,327862784,15422.179580688477,2153235755,37003.598,125.83391506220019,195.06085815000003,9.234038000899883,29.251862850000002,6573501,36521671,46,0.55787885,0.6782178
1631683356,18456,60817408,315097088,14873.802284240723,2645691757,36114.633,140.99369445099973,221.09591575000002,10.382784433277882,33.062615150000006,5859061,30712407,48,0.55543286,0.675,17344,67095040,326081024,13981.42805480957,2174355281,38342.664,138.40024773460001,219.39901255,10.172564324200039,32.31214075000001,5982844,31205251,47,0.5469807,0.65829146
1631769633,15132,65536000,294639616,14560.50872039795,2196503700,37534.9,127.22019047599977,199.82821420000005,9.265338052822273,29.737187400000003,6480397,33944664,47,0.52664423,0.63131315,14335,66060288,320799232,14235.723518371582,1799666353,33340.4,126.86087296919975,197.78300245000003,9.27801197388899,29.489696549999998,6520816,33989565,45,0.52323776,0.61616164
1631842838,18215,60192256,317701632,14273.966796875,2441873383,30631.463,160.42455386780057,248.38351210000002,11.766813368166567,37.286278,5151226,27006194,48,0.5307517,0.6934673,18251,62691328,269484032,14074.846221923828,2678536601,32897.62,156.43457646239975,243.90551740000006,11.409630930288964,36.20536385000002,5269287,27489694,47,0.5266865,0.6318408
1631856213,15055,66584576,328152576,15113.780235290527,2144875338,39086.5,121.89391532480013,191.94899610000002,8.972900251766642,28.56204905000003,6758427,35438135,47,0.54964566,0.6633663,14370,67633152,357564416,13905.91032409668,1642197092,37204.08,116.19159237320007,183.11171460000003,8.599644550299951,27.52379245000001,7114412,37050964,46,0.54146147,0.6666667
1631942533,17211,65906680,324490744,15176.100395202637,2495935530,38142.227,140.48501575319978,218.53285755000007,10.39392987798897,33.09589080000002,5878370,30859437,48,0.5551046,0.6683417,17289,61220864,326107136,13855.344017028809,2186075421,36189.414,137.13571959300015,213.84251285000002,10.116986082044408,31.884110150000012,6028841,31409877,47,0.54738,0.7
1632028890,16159,65536000,332323328,14358.660423278809,2162323211,35603.66,129.20793057400036,208.0961119,9.513234757555542,29.86816805,6413779,33348919,46,0.5451737,0.65829146,16451,67278336,337117184,13835.497291564941,1854292446,36273.363,128.1854905469999,198.357344,9.39738702324432,29.4582641,6454823,33648572,45,0.54247916,0.6467662
1632115389,17296,67633144,357404664,14084.218269348145,1863491483,36952.6,140.4932394347999,222.0321125,10.394213089377782,32.46285405000001,5874934,30522516,47,0.5427355,0.685,17249,67633152,357476352,14537.989547729492,2023181392,35289.77,145.59946553079976,225.96612425000006,10.72703724838877,33.60227605,5669908,29843076,47,0.55085224,0.64851487
1632201700,16323,65011712,311406080,14455.587104797363,2333119132,40499.15,131.09587553060007,201.51392985000004,9.632286910755454,30.02789370000001,6298681,32821395,45,0.54665333,0.66169155,16394,66719744,298844160,13780.147026062012,2269974621,35598.16,131.05197179019993,204.30303800000004,9.594467333555441,30.337361100000013,6303426,32972123,47,0.546339,0.67839193
1632288106,16214,64946176,317718528,14006.29158782959,2144091372,37231.13,129.82856290619998,203.17060115,9.552715873777805,30.34933390000001,6387982,33295357,46,0.5452243,0.6831683,16299,65520128,347670528,14340.057586669922,1961775358,39784.2,130.8993525796003,202.66988530000003,9.62777784000002,29.962631250000005,6321933,32851510,46,0.5490795,0.6969697
1632374655,17456,63098880,312816128,13819.025436401367,2425258191,29815.6,152.9495466430002,234.58514155000003,11.260383218366595,34.284596300000004,5406803,28237505,46,0.54539883,0.66169155,17726,64397824,354732544,15524.8187789917,2098284605,31369.389,157.33871400519988,241.25102,11.549946361511159,35.78944975,5239415,27439271,47,0.5581258,0.66169155
1632461184,20513,62390272,306867712,14359.421684265137,2608722894,29231.723,177.19790993899986,269.3289803,12.98382731147773,40.07482400000001,4646656,24233587,47,0.5336762,0.6281407,18636,64443392,313524224,15487.483627319336,2474803898,32008.201,175.53108061520018,270.7748506,12.84450255008902,39.96250705000001,4700846,24626448,48,0.534513,0.6818182
1632547571,19376,64487424,304769536,13919.08048248291,2308486494,29939.8,169.55215293779946,257.9528588,12.33274400275555,38.572042100000004,4864740,25411505,48,0.52195865,0.6368159,18534,65138688,309296128,15484.376106262207,2513434856,29476.6,173.97340089099956,260.03952410000005,12.690177384177753,39.15434795,4744835,24783258,47,0.53162277,0.62
1632633956,17378,61341696,352321536,14002.707122802734,1897502260,32176.799,158.08835832839986,243.93594360000006,11.536114408111173,36.767684,5231373,27300766,47,0.51878077,0.65,19748,62914560,310360576,15823.762573242188,2442942612,33287.625,167.18363926780106,255.44738005000002,12.22475475729996,38.1241991,4935318,25802131,48,0.5368758,0.6666667
1632720292,17294,65007104,307431424,14061.558418273926,2641799725,32598.459,162.84512162400037,249.18808180000002,11.874701821499986,37.58616205000002,5066145,26439096,48,0.5299948,0.66,17546,64354816,312444416,15802.548851013184,2420595194,31285.072,166.0675200618002,254.61395460000003,12.139674387166625,37.39571200000001,4962968,25847463,47,0.53509706,0.66
1632806711,18457,61726720,327577600,13835.223281860352,1981328771,28455.0,161.8648712395998,253.19220705000004,11.782299449433319,37.48453955000001,5087894,26642339,48,0.5224769,0.66,18639,65536000,308900864,13825.886215209961,2217196479,30684.1,165.1034930139997,255.3756887,12.017095889988948,37.74961295000002,5000361,26196518,47,0.5311787,0.6482412
1632893299,19879,64197120,300941312,13705.135078430176,2451747413,28208.78,189.49647389699973,292.7131579500001,13.873813423600234,43.75391180000001,4355442,22785685,48,0.5372774,0.68159205,19918,63432192,316591104,13807.694549560547,2251688522,26563.668,188.5259166141999,290.9056282,13.757850764933407,43.08161380000001,4374816,22822512,49,0.5363746,0.665
1632979796,22788,59931136,315240960,13844.605690002441,2677581133,27141.1,199.0635615730004,310.57075245,14.67418773845574,44.89866005000001,4143857,21751176,48,0.5618391,0.695,22831,61865984,314914816,13673.756225585938,2617408683,24954.432,201.2495470203998,309.3197902,14.89399553988902,45.188813000000025,4106912,21599187,47,0.5611573,0.70149255
1633065889,17662,61720064,287250944,13727.392280578613,2235276230,31943.906,165.07276151619922,255.18825695,12.0676681499444,38.027073650000006,4999621,26041637,47,0.5285826,0.67164177,18389,63889408,308252160,13586.745063781738,2194571229,32427.572,166.96267760460017,257.50061575000007,12.17370726221106,38.238786150000024,4913228,25821112,47,0.5254606,0.64851487
1633152385,18638,67633152,317321216,13970.1402053833,2319929875,32757.17,172.06905451420042,262.93248215000006,12.529893401511051,39.160231950000025,4794934,25123475,47,0.5247154,0.695,19502,65481728,320148480,13897.13053894043,2364980505,30086.89,174.09454615080034,267.3973513000001,12.759135615289095,39.62562605000002,4741712,24901598,48,0.5214216,0.6532663
1633468031,17345,64487424,316288512,13922.239128112793,2206956089,33292.895,152.2651075673996,233.42613395,11.161438116811148,34.44091650000001,5404813,28222949,47,0.54932654,0.67,18247,61865984,323485696,14279.190505981445,2327207633,33109.89,152.39177770840035,236.31037095000002,11.216145498622229,35.226769100000006,5409591,28364071,47,0.5506089,0.6934673
1633497861,18474,64791040,320803840,13940.685104370117,2209078601,31659.697,153.92519363679972,235.16570395000005,11.27648748748902,35.0211625,5370504,27979185,47,0.5473607,0.66,18222,65355264,316293120,14143.77904510498,2228355083,30189.781,155.72375513619986,239.44005320000005,11.436179649988937,34.8504608,5300542,27750957,46,0.5457417,0.67
1633584570,19466,66584576,286226944,13751.226333618164,2552705608,31914.951,173.41547433840012,267.38443145,12.644826231133266,40.080290700000006,4755697,24832607,48,0.53218347,0.6865672,19603,67062784,317707776,13903.020370483398,2332572697,28907.4,173.61570155940055,267.3296361500001,12.682773514744481,39.65015135000001,4749466,25064989,47,0.5279577,0.64179105
1633670478,14467,68681728,321814016,13777.370079040527,1952784796,33356.43,136.18904614200008,217.98030325000002,9.985102436722272,31.26767335000002,6067925,31726557,47,0.5513182,0.6934673,14645,67918336,326107136,13921.602508544922,1843914414,37681.953,133.2099862673999,210.6775999000001,9.825654111444596,30.814253950000005,6205997,32449985,47,0.54811615,0.685
1633756902,15521,65011712,337641472,13763.215171813965,1776011638,35933.008,135.35593890939978,212.58395295000003,9.928036472944495,31.264377600000007,6096853,31835186,47,0.5460509,0.6368159,16225,63694848,306177024,13601.320091247559,1966003128,33936.1,134.09354120480023,213.10025605,9.858810806944373,30.916309100000007,6167926,32292931,47,0.53750324,0.6515151
1633843493,17695,63963136,329923072,14043.416122436523,2245876847,33952.09,152.30336540860006,234.82193935000004,11.17693745515553,34.52432925,5411662,28137974,46,0.5453055,0.6831683,18549,62390272,317718528,12896.60971069336,2142025233,33252.15,151.8044561211997,233.20484735,11.103101955755498,34.3629472,5415797,28430337,46,0.5445629,0.6717949
1633930085,20099,61309440,299852800,13877.327751159668,2593910436,28921.0,187.5705073015997,289.067178,13.728243902633112,43.02364635,4401149,23066696,48,0.5280944,0.69154227,22184,60941824,328041472,12726.239761352539,2189906337,27413.283,181.47822191360038,281.20284330000004,13.248501438833094,41.37078565,4525873,23791345,47,0.51712054,0.695
1634016449,19899,63390208,266869936,13692.190322875977,2915553574,31328.367,180.80091884320052,276.1431476,13.195017022611058,41.115359950000006,4568531,23894390,47,0.52822804,0.705,19985,61341696,315939840,12726.399353027344,2227085122,29633.86,179.9842615077995,277.85168815000003,13.161056899166667,40.87355205000002,4579678,24097965,47,0.5220107,0.6766169
1634102656,17805,66060288,327744000,13799.49797821045,2064235843,34485.246,154.42615002739925,234.17572170000003,11.369809822233377,35.019876950000004,5345121,27950583,47,0.5449675,0.685,18886,57399296,303374848,13026.910148620605,2276345030,29661.635,156.10974269980068,238.39699645000002,11.451582428777856,35.6675064,2655763,14149371,47,0.54304165,0.65829146
1634189193,19590,61970944,300238336,13614.912963867188,2442141900,31687.387,172.6735941108002,263.72954690000006,12.563189661655452,38.976604300000005,4778621,25047363,47,0.52694666,0.66497463,19706,60560896,269099008,12595.285415649414,2565855215,34176.8,170.77944016540016,260.1296361,12.433798936755474,39.3625138,2417554,12968973,48,0.51536196,0.65656567
1634275361,16679,64313856,328204288,13953.108222961426,2010607568,35124.49,146.68148179459988,231.00247794999999,10.755275100144454,33.39510500000002,5627993,29340333,47,0.5527921,0.67487687,16505,63144960,378535936,13067.721801757812,1462494075,40862.438,140.00506178560008,219.50484315000006,10.261428443555626,31.7839953,2969238,15845318,46,0.54292345,0.655
1634362043,20670,59768832,312429568,14057.265884399414,2427269712,28567.586,180.3626818959999,273.497949,13.14823978164425,41.2874527,4572835,23861442,47,0.525767,0.6515151,20012,59244544,310265856,12979.464088439941,2421614620,31045.496,179.03971717759993,271.6596665,13.112237368933284,41.26438955000001,2315605,12434089,48,0.52041143,0.6432161
1634448090,16310,64464392,306172928,14243.460220336914,2151827647,34244.4,138.0911083206002,214.27458025,10.169144628911077,31.539872000000006,5988519,31218447,46,0.5533625,0.67336684,16328,64745984,325970944,12846.519523620605,1867481782,34916.61,135.05942892800044,210.36044685000002,9.900453883933414,30.657324200000012,3078184,16462174,47,0.54011893,0.6386139
1634534575,16611,67102208,344837632,13978.293296813965,1824666571,34260.2,148.73103233180038,234.91511385,10.95255055755562,34.40535900000001,5558212,29180220,47,0.54503125,0.67336684,16979,66265600,316561408,12804.6527633667,1901025470,39578.652,148.30603227360024,242.38711965000002,10.936918403877812,34.69543105,2800844,14934654,47,0.550465,0.6633663
1634621243,20675,63674368,300906488,13483.556381225586,2457602810,32002.398,174.7668665208002,272.2308022,12.704573575522204,39.73869695000002,4709611,24637076,49,0.5200808,0.65174127,19875,62390272,314139136,12952.816184997559,2439647211,29976.398,181.66897406719968,278.49652605,13.290517748389034,41.69800405000002,2274597,12188515,48,0.52268773,0.66
1634707297,16394,62390272,330301440,13057.264862060547,1845644145,36398.12,134.23668233740017,210.69899020000003,9.896660862799996,30.670451000000003,3090976,16457416,46,0.53673214,0.64,16662,65495552,316256256,12986.885147094727,1976005636,37007.094,134.81808985279966,211.23134704999998,9.891828486055475,30.835235700000034,3088953,16466056,46,0.5413492,0.66169155
1634793642,15570,63963136,340677120,13291.006889343262,1649386993,36737.6,127.04413957099999,196.02776165,9.358690412711132,29.113947950000004,3267713,17435362,45,0.5395105,0.675,15280,65419264,323589632,13364.044441223145,1835907063,36196.043,129.30341315600015,198.79749715000003,9.508806082922181,29.596784350000004,3213563,17132917,45,0.5439127,0.63316584
1634880528,18906,59759104,299860992,13126.3408203125,2275972263,29227.0,158.54854613740005,246.41616710000005,11.626820877122208,35.82792905,2616329,14039074,46,0.5494591,0.68,18943,62914560,322510336,12704.720024108887,2016221482,30589.541,152.9380663684001,241.12497765,11.218996152488984,34.98407865,2716025,14470345,47,0.54624206,0.6903553
1634966720,18805,66060288,319698944,12896.4423828125,1992996044,30842.395,162.2859338932003,249.51945195000005,11.86095309895559,37.205626100000025,2547585,13626476,47,0.5192181,0.645,18941,59244544,300941312,12700.111991882324,2095923810,33081.4,165.31581748980057,254.23000240000005,12.046716477888957,37.84634275000004,2503200,13365535,47,0.51961535,0.6497462
1635053369,16041,59905024,305062400,12709.49813079834,2283393788,34076.4,191.45307226080047,431.0944799,14.001019742322349,47.16042295000001,2182223,11651811,48,0.5339399,0.68,36580,57589760,264180224,12291.209609985352,2945189776,35503.7,299.10205147220006,610.28949385,22.143040117622725,74.52053325000001,1368912,7397250,48,0.5598607,0.735
1635139608,20713,62840832,312403968,12974.486770629883,2400527418,29572.627,166.2115721577999,255.2769086,12.239893356722161,37.550520049999996,2477879,13290266,47,0.5401147,0.67336684,20757,59867648,326107136,12731.475677490234,2147481652,29837.697,163.21118407059896,253.07389865000002,11.982513600544479,37.13296805,2544459,13619415,48,0.53751564,0.7064677
1635225690,16248,62390272,305464832,12943.6615524292,1900689226,35998.902,132.94164688319947,211.29183845000006,9.791719524588821,30.569315000000007,3129187,16732252,45,0.53711617,0.64,15659,65920000,321167872,13041.81192779541,1828578120,35402.9,135.2654626809997,209.55357950000004,9.934308801577746,31.034086050000003,3065412,16345420,46,0.5410427,0.665
1635312424,20030,58601472,320785920,13000.016403198242,2269417043,28085.965,176.22381235139974,268.91353255000007,12.839536773855558,40.49349320000001,2339140,12583551,47,0.51674545,0.65829146,19960,60624896,317579784,12811.846305847168,2159327418,29528.393,175.96775162680007,269.09249890000007,12.816452064644485,40.325829250000005,2351474,12622162,48,0.51154244,0.67839193
1635398686,18691,59142656,356515840,12943.28254699707,1969159018,30530.76,156.94172959399955,242.81042165000002,11.515165818899954,35.565807250000006,2635588,14193958,46,0.5414033,0.685,18731,64445952,271916032,13011.669441223145,2572445269,31368.926,157.94001313359945,244.8598464,11.60089506197777,35.667570700000006,2627807,14076201,46,0.5425833,0.7085427
1635485108,18856,57898496,313524224,12840.776443481445,2237298248,31757.5,159.2142740974,248.42935345000004,11.706594595622224,35.96709615000001,2603937,13881221,46,0.5456037,0.7029703,19545,60869120,339738624,12562.919105529785,1888184044,32829.152,160.30581260320017,248.78719765000008,11.830653612688788,37.01964155,2583860,13824643,48,0.5435684,0.675
1635571260,16280,66667008,299175424,13130.92877960205,1904595084,39386.4,127.52421071620061,200.36859605,9.370893271099968,29.839215,3247476,17325166,46,0.5389666,0.63131315,16308,62507008,316669952,13300.749618530273,1971072312,36996.703,129.68653736880006,201.9630898,9.485285746222216,29.56311425000001,3205907,17039736,45,0.54447,0.6834171
1635657684,16379,68157440,308281344,13195.310317993164,1931929338,38033.395,131.79708659980025,205.38542505000004,9.65838965584444,30.231811000000004,3136172,16739503,46,0.5393291,0.66161615,15752,62812672,329863680,13005.655197143555,1855410882,34656.938,131.54701962399992,202.8918432,9.636956233488913,29.85236905000001,3155228,16805950,45,0.54365045,0.6969697
1635744235,17698,61326336,316574208,13085.499069213867,2241125512,34130.113,147.27251816399985,225.74377965,10.82980094342219,33.308766000000006,2811589,15036389,47,0.5426055,0.65829146,18528,63728640,308959232,13379.71524810791,2160297532,35040.1,150.73370816100035,238.49873205000003,11.111851257466759,35.07611995000002,2742964,14588893,48,0.54642576,0.655
1635830698,21142,62660608,302987264,12897.345413208008,2329237220,32413.2,159.8161355096003,248.68243445000002,11.719577967944495,36.4701159,2594972,13819000,47,0.5463242,0.67336684,19541,63371264,316503552,13303.059898376465,2207064890,32377.098,161.52270881999974,250.02143005000002,11.90407279655571,37.33827060000001,2558422,13769163,48,0.5457208,0.6633166
1635917103,18944,62161920,325058560,12944.124435424805,2142481341,32233.2,160.30342456960017,250.27147630000005,11.7890731193335,36.58321215000001,2583384,13821995,48,0.54273087,0.6934673,19473,62734336,301581312,12657.53751373291,2305721967,29682.354,163.34187636180013,251.45668955,12.03388605313335,37.18456795000001,2537509,13345451,48,0.5458357,0.68844223
1636003362,17369,63582208,315922944,12865.17448425293,1930418165,34542.0,143.4487294398002,222.26223915000003,10.460189033933403,32.512212700000006,2892359,15464867,46,0.5486735,0.6368159,17557,68021760,322961408,13108.425994873047,1907005217,31331.2,142.28861886760006,223.08252305000002,10.375813070377818,32.280231,2909552,15266291,46,0.54375374,0.665
1636089873,19003,60578816,316245504,12811.110580444336,2133554080,31972.5,155.38835423780094,243.51137705000002,11.36233779189989,35.26766100000001,2667004,14291506,47,0.54733115,0.725,18883,61464576,305075200,12816.866790771484,2257528955,33515.73,155.18485243779946,244.05831165,11.355173322788767,34.95910905000001,2666918,13974318,46,0.5399974,0.6934673
1636176324,18684,61788672,320751616,12599.08822631836,1920565303,33097.57,162.5002886906007,250.3599404,11.838328762655477,36.809748350000014,2550771,13672787,48,0.5204563,0.685,18707,65485312,272629760,12732.656951904297,2315516372,31017.1,163.76332805400006,249.27119810000002,11.864618864444424,37.3075287,2524936,13234506,48,0.51767325,0.6515151
1636262640,17725,64487424,265566208,13023.117774963379,2387391676,33986.0,152.37973022060004,234.3930028000001,11.090476949266806,35.13995365000001,2718505,14583267,47,0.5141089,0.6287129,17307,63077376,299010048,12742.95930480957,1816471677,35299.56,150.38525006200007,231.99911720000003,10.925023427222168,34.3213292,2746214,14341270,47,0.5217083,0.6666667
1636349066,18571,59731456,316239360,12701.785919189453,2143947823,31738.13,157.07234330919985,245.50223830000002,11.494417320233367,35.97439800000001,2634659,14117580,47,0.546229,0.6834171,18709,60164096,333447168,12822.599159240723,1885414314,33335.566,157.03673160299965,247.2757947,11.492188333711042,35.7158048,2635058,13844570,47,0.54656285,0.6934673
1636435446,18502,63392768,314186240,12892.366264343262,2015371713,34326.938,149.41924550959993,230.51523045,10.890596325233284,33.76223575000001,2773180,14813918,46,0.5442586,0.65656567,18590,61666304,364125184,12866.514350891113,1867023085,34669.3,150.7950909112003,236.4792763,11.046534886388798,34.54779190000002,2747464,14404030,47,0.54763794,0.67005074
1636522073,21054,61341696,328204288,12857.858451843262,2086781965,29407.26,184.32346509360013,281.81010665,13.380731432488915,41.8130099,2245189,12077395,47,0.5269294,0.67346936,21482,61865984,322759680,12619.044555664062,1989612697,27330.1,181.93470403880008,287.2612964,13.253854058522407,41.85381020000001,2272853,11942496,47,0.51889586,0.67336684
1636608275,17851,59993088,262144000,12854.15355682373,2289241295,35980.316,156.78654116459995,245.48333630000002,11.354701920422173,35.59938695,2632554,14069473,47,0.5231347,0.6666667,17652,62000640,307109376,12717.06145477295,1976045047,32978.71,160.15032066940006,251.17906590000004,11.64279744509991,36.6242641,2582939,13511511,46,0.52448994,0.7
1636694872,20842,59058176,322961408,12791.744888305664,2050095989,30321.203,176.80816160640018,275.16333720000006,12.900293924811358,40.810571900000014,2340782,12566249,47,0.527659,0.6666667,20648,60986368,301281280,12718.705772399902,2179275959,27580.693,183.3984684815999,280.2731959500002,13.330008529699674,41.6269749,2255061,11848663,48,0.53627455,0.67
1636780884,15464,65011712,309229568,12959.501991271973,1917235843,37219.88,133.78184337699986,214.173325,9.77859265523327,30.762808450000005,3105382,16590452,46,0.5449248,0.6567164,16359,65904640,305265664,12766.999000549316,1959384017,33862.387,129.64812827959977,205.32556290000005,9.438833294666566,29.883399250000007,3195021,16653218,46,0.5400199,0.6766169
1636867603,19959,59244544,306813440,12926.116493225098,2224960005,30943.352,171.65880856320015,261.99978365000004,12.485888382044406,39.11427885,2403669,12882220,48,0.5216715,0.64646465,19813,59851776,301986816,12975.449249267578,2371391224,31031.271,177.46115231320005,270.70979565,12.85017314361099,40.00078370000003,2336118,12303813,47,0.52730215,0.655
1636953699,16432,62914560,333325312,13241.72747039795,1855034719,36339.9,133.1670142218002,209.8584899,9.721421527044397,29.83616200000002,3117038,16581761,46,0.54773366,0.65,16423,66060288,337641472,13056.542388916016,1702323781,36869.8,132.7255331596,208.43667580000002,9.739328321488834,30.436926950000007,3124884,16394815,46,0.5445287,0.675
1637126705,19778,60869120,316534272,12661.737968444824,1977278484,32359.385,155.94147055779968,243.44792460000005,11.424619324966683,35.63384465,2653146,14117730,47,0.54070765,0.69,19788,62914560,298778112,12659.594535827637,2231133413,32951.195,163.37741618499942,251.26287795000005,11.936276768677747,36.978102750000005,2624898,13413078,49,0.5420293,0.69849247
1637212893,16392,64552448,305804800,13489.505264282227,2013478275,35925.6,133.59320478740014,206.1682199500001,9.845734622266534,30.2621037,3106204,16646986,46,0.55125254,0.65,16422,63438848,323353600,13229.20751953125,1928959796,38322.176,133.25734074259984,206.34876420000003,9.750451960800014,30.446969000000006,3223422,16471678,48,0.5476148,0.685
1637299428,17959,62914560,335544320,13091.069351196289,1919271014,29838.316,148.70934893580076,230.27366505000003,10.882195119999958,33.853511749999996,2790820,14860664,47,0.54682136,0.67839193,18336,62914560,319291392,13091.675506591797,2044408830,36535.1,152.40065138140034,235.58051340000003,11.114798599522333,33.97391225,2806095,14332969,48,0.5477937,0.7064677
1637385928,19470,63252480,299511296,13379.428344726562,2130209370,32373.338,164.7803119665997,251.79290330000003,11.978648475566638,37.74956150000001,2513317,13462516,47,0.5258357,0.64179105,19460,67437056,298419712,13176.427612304688,2482794506,33897.81,167.8732093898002,256.56098195000004,12.200018873222188,38.19730250000006,2553977,13070884,48,0.52217585,0.6381909
1637472241,17881,61137408,331913216,12944.9321975708,1788085829,32613.7,150.18171634500015,231.97937765000012,10.878658171111056,33.87163815000001,2749101,14723571,47,0.5171767,0.6432161,17623,66380288,306292224,12809.547256469727,1934964833,34434.656,154.50200708980026,241.29152195000003,11.248088577400152,35.3784731,2773599,14187942,47,0.50862,0.65174127
1637558670,18636,62038016,310378496,12917.868072509766,2083919253,31786.393,149.95664285039982,228.4430471,11.00208835071118,34.185659199999996,2762668,14769810,47,0.54767114,0.65829146,18685,61757440,341835776,12969.015327453613,1964756000,33303.47,150.4440303610007,239.46765750000003,10.990543504099868,34.40036395000004,2847717,14548988,48,0.53629637,0.66169155
1637644839,14592,64452608,324009984,13184.616477966309,1578062820,38497.652,122.49217441500011,191.12493275,9.000408198011165,28.160719950000008,3381487,18054317,46,0.5495598,0.6969697,15298,64968192,343433728,13153.498237609863,1527049101,42197.4,122.73582514699972,191.58606220000007,8.980317408122096,28.240211000000002,3477251,17729573,47,0.54429173,0.645
1637731404,18757,62417920,303002624,13081.603416442871,2041082368,34760.0,141.60308808520003,224.41669815,10.336858442355545,32.113257050000016,2920685,15611260,46,0.5433041,0.67839193,18273,65514496,342112768,12788.773445129395,1975006703,36359.92,144.0390497621999,224.5467362,10.469158646311133,32.369265850000026,2972867,15188459,47,0.543903,0.68
1637817732,16348,64420864,337476608,13122.523628234863,1733970163,39846.484,134.94394876320035,207.149753,9.853317461066732,31.029983050000002,3073884,16442026,46,0.5516172,0.6633166,15569,63963136,358171136,13263.784469604492,1669994444,33893.29,133.31831433939968,206.721872,9.730247500688861,30.208082000000015,3225665,16468979,47,0.5440123,0.665
1637904201,17432,61341696,315621376,12871.932746887207,2144861160,36377.2,147.5797278630005,226.26363475000002,10.78799178321111,33.543146000000014,2902602,14793942,48,0.54910356,0.65656567,16460,64487424,330301440,13008.779968261719,1998101936,33313.867,146.15975263860028,222.97913980000007,10.686324351933399,33.1161568,2939943,14967037,47,0.53889185,0.6453202
1637990367,14282,69600768,320737280,13253.401695251465,1572599383,42064.055,115.84796935579993,182.62467039999999,8.502288321888926,26.6018879,3699434,18751516,48,0.55179894,0.64851487,14998,71827456,313978880,13377.453483581543,1621796843,43675.094,114.90401917060018,179.9308777,8.446258513199984,26.31500405000001,3746822,19093632,49,0.54717743,0.6818182
1638077193,18468,61865984,320439296,13038.61898803711,2331558894,30999.6,174.79402330260018,265.42565995,12.691218453233407,39.42266320000001,2451461,12581751,49,0.5276476,0.6683417,19290,63438848,304087040,12777.923439025879,2384245862,33454.184,174.03960584059985,264.63166105,12.6414242299779,40.073212999999996,2460339,12547683,48,0.52439934,0.65
1638163500,18342,65452032,327155712,12949.442039489746,1965247199,32436.057,162.13727885279982,244.0050187,11.807328370655629,37.13688505,2635226,13488660,48,0.527422,0.635,17430,66584576,281937920,13025.285919189453,2204915784,33041.5,158.98057182979989,240.36650000000003,11.549955388355501,36.01484445,2696442,13789192,47,0.5268711,0.645
